{"cameraMode":{"drawMode":0,"name":"Shaded","section":"Shading Mode"},"sceneLighting":false,"audioPlay":false,"sceneViewState":{"m_AlwaysRefresh":false,"showFog":true,"showSkybox":false,"showFlares":true,"showImageEffects":true,"showParticleSystems":true,"showVisualEffectGraphs":true,"m_FxEnabled":true},"in2DMode":false,"pivot":{"x":3.028262138366699,"y":1.7106926441192628,"z":0.5319929122924805},"rotation":{"x":-0.021620824933052064,"y":0.9782860279083252,"z":-0.15266966819763184,"w":-0.13856066763401032},"size":1.9986658096313477,"orthographic":false}